INDEX,P_TARGET
3,1.9916191351
9,3.8552471444
10,2.4450148317
18,2.509957766
21,0.8713090538
30,5.6449238685
31,3.6818569228
37,1.675982799
39,0.3194553491
47,1.4842199846
60,2.6148804992
62,0.4457719907
63,3.5998819888
64,1.3443689343
68,1.0524748414
75,2.8560971569
76,2.4996022618
83,0.0984562163
87,3.7330809336
92,5.4637670351
98,2.5151358825
106,1.5913356577
107,0.846866273
113,2.5310251372
120,3.5882530508
123,5.8714318697
125,2.924291734
126,5.8218901813
128,4.4170523785
129,2.4472529614
131,4.1392765982
135,1.1887845276
141,4.2452346299
147,2.8940241173
148,1.2716102286
151,3.7555544006
156,2.891180741
157,3.3714147506
174,1.8900168953
186,0.6538574043
193,2.5309900498
195,0.9902315857
212,0.7321311424
213,0.7310069203
217,2.7652491533
223,3.7984517265
226,2.9412802764
228,4.6003486231
230,4.0261121334
241,2.1760158014
243,3.7193371376
249,1.147249023
281,4.0098891233
288,0.2491643831
294,2.0277633877
295,2.2009950692
300,5.679348698
302,4.3625117663
303,1.7863845309
308,1.5499999156
319,4.7745954659
320,0.8259640633
324,2.749921077
331,2.6083126837
343,2.8898527911
347,2.4279222354
348,3.6209337745
350,4.6551241316
357,1.380255727
358,3.6999595122
360,4.1510403972
366,3.4814611677
367,2.6141888216
368,5.0907602128
376,2.1881206834
380,3.2327416605
388,0.559842579
396,4.5228225493
398,4.4996456977
403,3.9594515952
410,1.5405391291
412,0.9553024975
420,2.4424176074
434,2.4776827539
440,2.973997151
450,3.6137671733
453,2.5256877214
464,4.5479329459
465,4.5695870387
466,4.7290982859
473,2.4096417054
476,1.8026019375
478,1.67543892
479,3.118423217
493,2.7094112393
497,3.1877226113
503,3.6486792696
504,3.6075393204
505,2.4839442489
507,0.2829892544
513,2.7485837363
519,2.4385663355
521,3.6624672995
522,3.6944875788
545,2.8987373556
549,1.951458988
551,0.9681593865
556,6.9163536784
557,6.0443798681
559,1.7554133247
560,2.5970426121
566,3.7065341219
569,4.4053581066
573,2.5657357135
578,1.158154115
579,5.3596904402
582,5.0684210277
596,4.1138230925
598,1.9721913777
599,1.1330906418
602,2.7716077474
605,1.5705994035
617,2.7154198938
619,5.6909538295
630,3.2098620956
634,3.566236994
643,2.3600763279
645,0.656810544
647,4.6241811913
649,2.9046179417
656,3.6497321361
657,4.9378841295
658,2.8748816688
667,3.3607288365
692,2.9833466503
693,3.9714998386
698,0.1859141132
699,3.7490853288
700,6.9472578682
704,3.1368265417
707,2.8592477539
708,4.6510827077
709,2.9726708192
713,0.5837863824
714,2.98143226
716,2.1086134577
718,3.6363523428
722,4.1479550025
729,6.7109312098
731,2.3882793534
733,3.5752853301
746,2.9445395514
747,3.4675862779
748,1.1999010084
753,1.1759737488
757,1.279397194
763,3.0807580322
767,5.5110443805
774,2.850838521
776,0.9229903819
788,0.8648259058
794,3.7758558981
799,1.626967616
803,4.0406460478
806,3.9515024771
807,3.6787564755
811,4.0966662159
816,6.5093390519
818,3.5134180069
819,1.6042997754
831,5.4707329033
835,5.1653481797
837,1.4161647515
841,1.5656853422
846,1.3657259029
856,5.5543081255
861,4.4855680444
862,1.239490836
863,2.9571565687
865,3.7041012188
871,2.6018251454
879,1.1209092623
880,2.5799248833
881,3.5406350794
885,3.6128046718
887,2.6668339343
892,1.1908476961
898,3.7299091397
900,1.3319058836
904,1.3403071358
906,5.2336065489
910,3.8406088858
912,3.9984126019
913,2.5916656988
919,4.483500319
924,1.3745522237
925,3.0456363271
930,2.9423596897
940,2.1924297412
941,3.4612825686
946,0.2876638384
949,5.2340690191
951,1.5769331073
962,3.777794731
966,2.471578333
967,4.557823356
971,1.2212345112
981,3.2189462975
982,2.9799022327
983,1.4819223129
984,1.7038256005
989,2.3644932145
990,4.5831892226
992,2.7974023193
995,5.2927317333
996,1.3955019891
998,0.9305726979
1001,3.6241900532
1007,1.3951608946
1008,2.4406237652
1016,2.6366439341
1022,2.5188129009
1027,5.3187690662
1032,1.1821201805
1033,3.7956858556
1041,4.7889507715
1065,1.1858722627
1074,1.8810573994
1075,0.6345422556
1081,1.2678386757
1094,4.1078172051
1099,3.0049500657
1105,2.6004143424
1123,1.5648381173
1135,1.4422884271
1142,2.4878351307
1155,2.3861225076
1169,2.7316135841
1176,3.4636823704
1178,3.7860738375
1180,3.4852158888
1184,0.47066779
1185,1.6991603395
1193,0.5730088834
1196,1.3347588993
1199,1.8214420132
1203,2.6486843862
1205,2.5949749451
1207,2.4762179307
1208,1.3298730618
1212,0.6581929455
1213,1.2488630084
1222,1.4133484177
1223,1.7042478613
1226,4.119429965
1227,6.5100170306
1229,1.3212554771
1230,4.4183669335
1231,2.9230104811
1241,1.3347042457
1243,4.1057385576
1244,5.7397266246
1246,4.1937406982
1248,2.6256328897
1249,3.7292004398
1252,3.4925227622
1261,3.4861536861
1275,3.2421070367
1281,1.7112571219
1285,3.9926080101
1288,0.8734116889
1290,3.6313371422
1291,1.3304404721
1304,4.5105072017
1305,2.7654644906
1323,4.3734933737
1342,1.5418394368
1348,2.4729244302
1353,3.6735371791
1363,3.0284952227
1371,3.6463268602
1372,0.9649491785
1378,0.962830174
1381,3.9900097095
1382,4.0886540421
1393,4.4887839238
1394,5.1832144244
1398,6.2838397938
1404,2.9212240519
1405,3.6455363331
1419,1.5563235842
1421,2.6095182515
1426,1.3244336705
1431,1.4272003751
1435,3.0090515612
1437,1.9025594948
1438,1.474851258
1442,0.7361173564
1464,1.6061242628
1471,2.9368355938
1473,4.4550454216
1476,3.0126938725
1478,2.3105708315
1479,3.7936301789
1487,5.3745202683
1492,4.4948317163
1496,3.0643868352
1497,0.5137151484
1515,3.1487193996
1519,1.3443689343
1522,2.8814664855
1526,3.664543154
1537,2.8100823073
1538,4.1048041319
1540,1.9535773442
1543,3.6704000933
1548,1.606236986
1549,1.41145033
1556,2.9266073692
1564,1.6455304406
1570,3.2739580408
1577,2.1975756899
1585,3.9983794385
1590,4.4061679535
1592,1.3382993882
1594,1.186963915
1596,7.6366613682
1598,4.6755833103
1603,2.07606112
1607,1.2465375817
1612,5.6688700843
1627,4.6752365053
1629,3.4489918207
1630,3.160017576
1640,5.5917531106
1641,4.1652178427
1646,3.9287192694
1662,0.7031772262
1668,1.1382303914
1671,0.3728315148
1672,4.088063321
1673,5.8808842561
1686,3.840835896
1688,3.9606538778
1696,3.3668353307
1701,4.7455579947
1707,3.8322685523
1708,3.5111994945
1713,3.6548972712
1715,3.3189482605
1717,3.0239200331
1721,3.0645050629
1724,2.5315592528
1725,3.0392340123
1730,3.7236339192
1731,3.9822555775
1734,2.8198058575
1740,3.2939912425
1748,2.6783054412
1749,4.2962935528
1750,5.6862467608
1763,2.9845344824
1768,4.248742234
1773,2.3772167394
1777,1.3738663506
1778,0.4717340687
1780,3.1564592983
1782,0.3994457918
1784,4.8345323345
1786,3.7010843373
1787,4.5849135373
1792,0.5400130552
1800,2.7541598205
1801,2.944131843
1803,2.6192181525
1804,3.3122642668
1807,2.6049862297
1818,6.5595253665
1821,3.4147131186
1822,4.1927892489
1828,2.699015144
1833,3.7769250666
1844,3.9631104924
1847,2.9309385378
1850,2.5562175371
1854,3.6437685136
1858,5.1279122697
1864,4.0624493833
1867,0.7622172235
1876,2.8938404832
1880,1.4942888305
1881,1.7337541581
1891,2.8991681977
1894,3.1708131425
1895,4.4524737584
1901,1.3004537612
1905,4.5117299904
1912,6.3892969392
1918,2.9748658669
1921,3.6766778278
1923,3.0197478774
1924,1.5500995963
1931,2.3024557241
1941,4.1937406982
1950,1.7714556439
1951,4.1398861181
1954,4.8153588912
1961,3.6477557574
1966,3.7755726011
1979,3.9167866324
1982,0.8765743844
1987,2.9287239878
1997,2.9482564348
2004,3.9518467323
2011,4.5521381106
2015,3.3934744872
2025,7.6244068172
2033,0.8510145267
2034,4.4791948067
2035,1.9910538299
2036,1.8595059356
2053,2.8583435522
2059,3.025877391
2060,2.0654533434
2073,2.6350670209
2084,2.849502076
2089,3.3155224649
2092,1.5871952651
2109,4.7008740058
2129,4.9390113837
2134,6.289546523
2135,4.9562941477
2148,2.9086151644
2149,1.0619295797
2150,2.5172755679
2165,2.6746495652
2166,2.7359689713
2168,4.3823889907
2170,1.3007331614
2171,2.4916289144
2172,1.9277705728
2176,5.1756939288
2182,3.0705989073
2189,2.0018180799
2191,4.7767260007
2197,2.9379923947
2202,0.8807324073
2203,3.625101185
2204,0.3509403823
2206,4.7144288724
2218,1.6727716563
2219,3.6395633468
2221,1.1522797155
2226,1.2212258644
2228,2.9837944798
2232,3.6931758643
2236,0.3230481881
2241,2.5431125588
2245,5.1148089918
2251,3.2725085422
2255,5.3610001906
2256,3.8011766519
2259,1.1747146041
2263,3.5695453408
2264,3.6568809465
2267,0.9981205543
2273,2.0874768967
2277,4.5848455446
2287,3.8448861792
2289,3.159711476
2291,1.3554545548
2296,1.6883876692
2299,1.6967320321
2306,3.0830558442
2314,0.7033270725
2317,2.6942870276
2318,3.8772712725
2321,4.1807473813
2324,4.5366619281
2340,2.9422919823
2343,2.5693696937
2349,0.8994331954
2352,5.1169421196
2353,1.3715669127
2365,1.9800834065
2370,1.1640534573
2378,3.1512426414
2390,0.6062490387
2399,1.2958184916
2402,1.3609143329
2403,0.7975316152
2404,1.6526782316
2414,5.3808924844
2422,3.5927710211
2424,0.6498064975
2430,3.8034032854
2435,2.9534347794
2439,1.9364869901
2442,4.7147587747
2445,3.7468209819
2449,2.0775532198
2451,1.3346175519
2461,2.4934828419
2464,3.7614928095
2465,3.6427638165
2472,3.0746299727
2476,2.5235575781
2482,3.0523193186
2487,5.2649152012
2498,4.5529648772
2501,3.5742818391
2504,2.4931907294
2511,0.3806606451
2518,5.0129911259
2521,5.4859777817
2530,3.0199028566
2543,4.5991348402
2545,4.3224491018
2561,3.3727163372
2566,3.6089362637
2572,2.7961520758
2577,3.115132192
2578,1.7422499442
2580,1.9121676243
2581,4.2069367104
2582,4.5888397528
2584,2.4348887055
2590,4.2263020568
2598,2.9944597588
2602,1.6540632134
2605,5.088287531
2616,3.7225819196
2618,3.5788750547
2619,1.817177584
2624,5.0140410993
2632,1.5221122781
2640,3.7683955739
2646,4.2819023168
2651,1.1593868925
2660,1.1439065336
2661,3.3995935889
2668,1.5582041758
2670,1.189627226
2680,2.4463527122
2681,3.1853504027
2689,1.0998842585
2694,5.8820590351
2695,1.3254521521
2696,2.9237834341
2702,2.6895565024
2704,3.5735731485
2708,5.4309260212
2709,1.9660359636
2714,4.0272655986
2716,1.9062498687
2723,1.0093981818
2725,3.0794889826
2738,0.0404311954
2750,3.7772061349
2756,1.6994079917
2758,3.9898402092
2766,2.7136657882
2767,0.7046763372
2771,2.5129556248
2775,3.6354805696
2776,2.8782302776
2779,1.9292670289
2780,3.0551606858
2781,1.5146553203
2782,4.3311259512
2783,3.7193371376
2796,3.6460673766
2798,4.7194765079
2800,3.1432354697
2803,7.4663219696
2806,5.3274258571
2813,2.9408027208
2818,1.6098967708
2821,5.1441777949
2825,4.1380148738
2829,2.0843170352
2830,2.9286570034
2833,3.9639058576
2839,1.2553117653
2843,4.4864463585
2846,4.5625460012
2847,2.9281091547
2848,5.9678802013
2856,3.9262065488
2863,0.7037526687
2867,4.930499441
2869,3.6672338218
2873,4.3263875242
2874,3.6619100822
2875,3.0374014412
2880,1.5708663931
2886,3.2767078047
2887,3.5140610765
2888,3.3507403913
2889,2.4784266062
2890,1.5264007744
2892,1.6054453488
2901,3.007331848
2902,1.4463020691
2905,2.0346087902
2917,1.6881557282
2922,2.6015444285
2924,3.1085409203
2930,1.1233929902
2931,5.2454656797
2946,1.600537133
2955,3.6093366432
2962,2.8996277158
2964,0.833807576
2965,0.6669408205
2967,5.5268151438
2970,5.95868168
2973,6.7678680143
2974,1.407761003
2976,1.5683233377
2977,1.7673810371
2978,0.6202809016
2986,4.2789372473
2988,5.3095836856
2989,1.4231740058
2995,3.8148228785
3005,4.7813701205
3011,4.9796406029
3013,3.0050036277
3019,3.5441182095
3021,2.2150389983
3022,5.255040757
3029,1.2329503405
3037,3.5266747194
3042,2.5567762387
3043,3.7810189725
3049,3.7357247352
3050,5.748436694
3053,1.0730643635
3058,1.1897207556
3062,1.349301121
3063,3.8578826172
3065,1.5693258063
3080,2.647516916
3088,0.8032617763
3093,1.4914012324
3096,5.4677599358
3101,5.7199825554
3103,1.5848492012
3107,6.7005172021
3109,4.188584407
3111,5.7281737168
3113,4.4760330401
3116,5.0365682219
3132,3.1564592983
3141,5.0523349421
3153,1.2878519222
3154,1.0305321458
3160,1.5021358268
3167,1.5826518245
3170,3.2544187989
3173,2.5212546486
3174,3.8328535855
3177,5.1849229168
3179,3.8307968288
3184,1.0293091155
3190,2.5613950479
3193,4.1355755794
3199,4.0375296535
3201,0.9390425109
3202,2.8281068603
3203,2.9517648947
3206,3.0045997879
3209,2.9445139999
3210,2.4129071743
3217,4.1745775968
3220,4.2673999762
3228,2.6706995459
3232,3.0292428674
3239,0.9060513833
3243,3.7499278335
3245,2.895020014
3246,4.3150943704
3251,4.5186696816
3253,4.4921735731
3257,3.9316505075
3260,1.2316960593
3261,3.6169407568
3263,5.19631718
3278,3.6284095027
3281,3.2988146897
3283,5.3172569616
3290,2.4333011009
3297,3.5559309751
3304,3.7526698014
3305,3.1218742724
3307,5.529069575
3308,2.6819833997
3313,2.8969103644
3314,2.9835289426
3317,0.5624353223
3348,0.7666741961
3350,2.383649618
3359,3.9585794155
3367,3.8529817043
3376,3.1184517934
3378,3.2281618096
3384,1.2314034991
3386,2.9040116393
3387,3.9203142359
3388,3.0675299408
3390,4.665107015
3391,1.2408443448
3396,0.0720106338
3398,3.7205586805
3404,4.7386429269
3406,1.7741776396
3407,3.735702047
3414,4.7993000797
3419,3.0010259109
3423,2.4640831704
3427,3.1936117784
3432,0.3081743756
3434,2.8881394375
3438,0.6217748765
3442,0.4605058477
3443,1.3485296703
3448,0.4112896752
3456,3.0576724195
3464,5.8855509713
3470,1.0559523555
3475,3.5359419428
3477,3.4283796423
3490,2.6446658323
3493,3.6622280632
3502,2.9664588944
3508,4.0414276569
3516,1.6685924998
3517,5.1024939829
3525,3.0453219421
3532,3.5172874766
3535,3.7249223082
3536,4.6141233603
3540,3.0100545117
3547,2.8069967942
3550,3.3138368975
3557,2.225790599
3562,1.2162603542
3563,2.993684114
3564,1.3311759755
3570,3.1892789768
3573,2.2791299278
3577,2.6710402022
3579,3.3017274335
3581,1.279397194
3587,3.668165891
3602,3.3460683105
3609,3.6354989427
3612,4.1243422441
3621,2.9112092657
3642,1.7117132688
3647,1.4455251044
3649,2.9614280889
3654,1.8961591795
3660,4.6543498142
3665,4.3396196059
3669,3.5106050703
3673,3.7813830255
3675,1.6818238199
3678,3.6479802554
3680,3.3211417935
3686,6.4350372121
3693,4.8250862261
3710,2.4317611958
3713,4.1937545082
3718,5.1157469619
3725,3.1104508378
3726,2.9436000606
3747,2.1832480475
3753,1.0175979137
3754,4.6035347992
3760,4.6107255566
3763,2.374009052
3765,4.2238917239
3769,4.448295407
3771,3.624183692
3784,2.0413349409
3787,4.4637595682
3794,1.1439623846
3796,3.5401891877
3798,4.5585990655
3809,3.7914834432
3812,5.2289125604
3819,1.300149739
3828,4.1388453989
3831,5.4256614764
3833,3.3517923406
3837,5.1235703729
3839,1.0321001592
3843,2.4135003166
3846,3.7693773081
3854,5.185320431
3861,0.792617253
3864,3.626233485
3868,3.096332035
3869,4.9815294073
3870,2.8383790479
3883,2.6985011634
3886,2.7911208443
3889,3.7048758953
3894,1.0355976813
3907,2.4050346609
3910,3.8378018275
3913,1.5023315333
3914,3.093202151
3921,6.1613340013
3923,0.8782426716
3929,2.508257723
3931,1.7580073584
3932,5.0235113682
3937,0.3857066228
3943,1.6637159369
3956,4.5484672081
3957,2.9784677371
3961,5.820332862
3971,2.9540064733
4004,0.8939896512
4005,2.3884678517
4006,4.2846978867
4011,2.7993578095
4013,5.0370775493
4014,6.7821097982
4016,0.3706051212
4017,5.0966085502
4020,3.2107717101
4022,3.7466487127
4026,0.4528935684
4032,1.3237907614
4043,2.3472850023
4045,3.1411350128
4048,5.3013213055
4051,5.1157469619
4052,3.5597731558
4056,2.9666547221
4059,1.0774051822
4069,5.1578020953
4074,3.7030131402
4076,2.7165298405
4077,1.8603915033
4079,1.0565534346
4081,3.6658272432
4088,1.671107161
4105,3.103139276
4125,3.6804083888
4134,3.0600955657
4139,1.8096696301
4146,2.3066197957
4149,3.9590305312
4151,0.173784584
4155,2.8140228646
4157,2.1288586883
4168,5.1685911326
4170,2.3361331354
4174,2.5432191041
4179,5.2456899978
4185,3.9648857549
4199,1.0947617004
4205,1.080465398
4208,3.1532680126
4211,2.4991703533
4212,0.2497869597
4215,3.1037977802
4217,3.1239004422
4219,1.7921738461
4226,4.0743048358
4227,3.0446334648
4229,1.6433934784
4231,1.8046363467
4233,1.690674605
4237,2.4643626448
4243,4.4982243643
4248,4.2486724614
4255,5.3393326606
4262,2.5895148524
4266,1.167397764
4268,1.2681696185
4270,2.5244046381
4273,1.7831874555
4276,4.5973495916
4277,3.7646282473
4279,2.3394144926
4299,3.8980118135
4313,1.3619603731
4322,4.1808819392
4324,1.5589000988
4328,2.9650523855
4331,2.7678470774
4335,2.1120406281
4337,3.644266196
4338,1.4002588695
4343,1.6646290916
4347,2.0680239854
4355,3.6334647549
4357,2.3249440478
4359,5.9699109668
4362,2.2055701392
4368,2.6592027156
4374,5.1866263362
4375,5.1291688196
4378,3.5106871003
4381,2.0028568973
4387,4.353998382
4400,2.113994304
4423,4.360850507
4424,2.8063808488
4428,4.0384279331
4433,6.7863134292
4436,1.8208225323
4437,1.1265993553
4439,5.9568151092
4449,3.7618292538
4456,3.6999783948
4463,5.6305165012
4467,2.4106799184
4468,1.8547578285
4469,2.5900338039
4472,3.6253946581
4473,4.0374137991
4476,2.7820821711
4500,2.5512066812
4509,3.982742882
4513,2.222699804
4521,0.8879158814
4527,2.6610080927
4530,1.9301619252
4532,2.7503306927
4533,2.9012127493
4535,2.5932271704
4536,4.8937591157
4542,3.6669012202
4551,2.4399923099
4554,3.7548220219
4555,2.2412856904
4564,0.9413171586
4572,2.3738416326
4573,7.2411228075
4577,1.3409966687
4579,5.3879235845
4583,3.4399619642
4584,5.7011998737
4596,3.0289326605
4599,3.8647290237
4607,3.6219364195
4609,0.3482941122
4610,1.3254290499
4616,2.1867410507
4617,2.955486732
4633,4.257188648
4638,3.5173828897
4641,2.9700675343
4653,7.2030547383
4655,4.118624452
4659,0.9601411928
4669,1.3452003276
4678,1.0223585394
4685,4.4638424441
4686,3.4743989228
4691,1.1524241474
4695,4.6768425003
4698,3.5610852353
4700,4.7440214078
4711,3.0356884851
4722,3.9028022598
4727,3.4257590205
4756,5.9709845842
4762,0.9605649734
4763,3.028208741
4766,4.3614290238
4770,1.0305925805
4784,3.3640906918
4791,2.9043274636
4795,5.0037632573
4799,1.5826333045
4802,4.0382255867
4805,3.6714773831
4814,4.7216937711
4816,0.9128723185
4817,3.7668787983
4822,3.0722428677
4827,2.5415655216
4833,4.3185716873
4836,0.6806084477
4842,3.0855607889
4844,3.0040633443
4845,2.6616229623
4849,4.0251900216
4850,1.416220339
4860,4.3051558135
4863,2.5151345285
4871,3.7458265804
4878,3.5128676959
4881,2.7400079574
4888,3.4016292452
4900,7.1083293637
4906,3.2691064649
4909,1.0978386088
4916,4.6842173269
4918,5.3014624161
4926,3.0668241317
4928,2.3327246044
4941,2.3015408601
4946,4.3955886856
4949,1.5196877598
4956,2.7479844633
4966,4.0306814102
4969,2.5617536682
4973,3.7375313474
4978,5.210315258
4982,3.2071874394
4985,4.491717509
4991,3.6164680826
4998,3.6802172322
5000,2.6007290376
5004,3.5091685898
5005,2.4431199594
5011,4.5278606916
5016,0.1967410728
5018,3.0916082873
5034,3.8370507029
5038,1.2942984131
5042,6.6755362947
5046,2.8811591157
5051,0.3222641622
5054,1.289574398
5057,4.1756386217
5062,3.7337226682
5063,4.448805821
5065,2.9957964106
5066,1.5521238833
5076,2.6496080105
5089,2.9483250807
5092,2.5253275457
5093,4.2438100126
5094,4.0149645428
5098,3.6435993993
5102,2.7145843931
5112,5.1509515027
5117,2.4854106299
5127,3.4870091972
5130,2.5706033487
5131,2.1848734282
5132,3.5303852977
5135,1.4711787903
5136,2.881228372
5147,4.7199501799
5157,3.6531862862
5160,2.2626138924
5165,1.2352594411
5166,1.5346633604
5172,2.6680445907
5173,2.5962404575
5179,0.9390425109
5184,5.2093210136
5187,2.3701778613
5191,3.190285944
5193,1.2542992262
5194,1.3817769073
5199,2.3250563156
5212,1.433625002
5213,3.0128604835
5224,3.7307847892
5226,3.9234773152
5239,5.1711627719
5252,4.7173304352
5264,0.6339558089
5266,2.2534286177
5271,5.1830818043
5273,3.763810922
5276,2.6459427527
5278,4.1979076406
5281,2.2930551355
5283,4.0086114586
5291,0.5943689369
5294,6.5272327143
5296,3.7852629624
5297,1.0708844424
5313,3.5509668997
5314,2.774528535
5321,3.0130823498
5325,3.0747168009
5326,1.4573381121
5328,3.3647460095
5334,2.9386859001
5338,4.6612734166
5344,1.8822302715
5348,1.5476530941
5352,1.3498259092
5353,3.8111927426
5354,1.0132421969
5361,0.1950506981
5364,2.3491052251
5365,3.7574593279
5367,1.8782156035
5379,4.8563103678
5382,3.1407729353
5386,4.9523141338
5395,3.8778596782
5410,4.4763971876
5411,2.9455108376
5416,5.0923237275
5424,4.030772023
5426,2.7032352857
5428,1.3249107791
5430,4.7333180078
5433,1.4699994114
5437,3.0103386514
5440,3.6853879758
5442,4.908614353
5445,3.0605285364
5449,3.6361061284
5452,3.7740398996
5460,0.9812365284
5461,2.3561077949
5465,1.5325319679
5467,3.9820351456
5471,4.6005643657
5474,1.5422680214
5475,2.9346536227
5480,1.4755157691
5481,3.643018699
5484,1.2823298265
5494,5.9804441958
5495,1.9310875598
5497,1.4916427316
5499,2.9911849308
5507,1.3472029669
5510,3.3263144007
5515,1.4613309225
5516,2.2018633252
5517,1.5436365847
5524,3.9725350664
5530,6.5029912618
5534,2.7208583755
5543,1.4669128435
5545,2.9976056224
5558,3.7008317038
5562,1.9466026913
5573,7.2333862766
5581,3.9586782643
5583,5.4550390625
5587,3.2796012641
5589,2.1241970434
5591,5.4928144013
5596,2.8651112659
5606,4.0339107584
5608,4.706331718
5611,3.1095337039
5612,4.8007233465
5614,4.2630878413
5620,3.82782672
5623,5.3146007829
5624,2.354092288
5626,6.4990253889
5633,1.1680986754
5635,2.9316791286
5640,4.5347504128
5643,2.8233509936
5644,5.925838948
5653,5.3791519645
5663,3.9243155891
5664,5.131607518
5667,2.4020410258
5671,0.9768561673
5673,3.5862313779
5676,2.5603838289
5678,2.1210480579
5698,2.3254137649
5700,5.8624201967
5705,3.6797221265
5706,5.6959559555
5711,2.1003676595
5712,5.1235898295
5716,2.9323694317
5719,2.8799463014
5725,2.4938816054
5728,7.3874398571
5734,0.6879965585
5735,3.9493523028
5743,2.6578271957
5754,1.7205868387
5755,1.9985067774
5756,4.6690322919
5766,3.0722304645
5770,3.7612196673
5774,0.7393194742
5775,2.4496417678
5776,3.8613539693
5778,6.011542148
5786,2.9565812704
5787,3.6209693393
5791,5.0000751443
5794,3.1132477527
5803,3.1857486448
5804,3.3263529209
5808,0.8842742074
5810,3.7261469519
5813,3.7816222147
5828,3.1346490423
5839,5.7728366664
5842,4.060520022
5843,2.4462200382
5844,3.7978704688
5847,2.2576594529
5851,2.4457500012
5854,3.2659364371
5857,1.4047339483
5866,1.8033714296
5874,1.3715102494
5886,3.457688211
5895,1.3131631288
5897,2.6588657789
5898,2.7038539701
5900,1.8452730879
5902,1.4928681975
5908,0.3917091966
5909,3.2654931774
5912,5.9049110736
5913,1.2228079534
5917,4.4950570903
5918,3.1009423698
5921,3.2729764483
5931,1.788476382
5942,3.8113690137
5943,3.0724417771
5950,3.8616896564
5954,0.5784135349
5983,3.041410051
5995,3.1795239216
6002,2.2021509095
6005,3.7291000391
6009,7.1620555645
6011,2.7212709562
6012,4.509483376
6019,1.607390277
6021,3.1001561078
6029,5.0736528163
6036,4.1326730622
6037,2.9294051738
6038,0.6817006308
6043,0.8242809031
6045,4.0429280619
6047,1.0283681793
6048,2.9050980909
6061,3.8762992742
6063,2.9339703917
6064,5.1702438766
6068,4.308303462
6069,0.8260817874
6070,3.5500496462
6071,5.2771929702
6074,4.1485418642
6079,3.5667928044
6082,2.8305666067
6088,4.1934073027
6094,2.563617221
6095,1.3136303783
6098,2.7490697298
6102,3.7216398385
6105,1.669615578
6113,5.3195619833
6116,2.6497815981
6120,1.9967203303
6121,2.5289151625
6126,2.5667123566
6144,3.652191143
6145,4.5342572637
6153,2.6370968405
6156,3.5792586005
6159,4.1661035136
6162,1.3826714398
6184,2.5887692782
6188,2.6849889194
6189,2.9540844379
6191,2.2157578263
6211,1.0193679411
6216,3.6863745678
6218,1.5220195246
6222,0.8291712146
6235,3.0685439844
6245,1.0943356779
6248,3.5430268172
6253,3.4291586232
6256,0.3920321592
6257,4.1904885709
6259,1.2225908198
6266,4.498962421
6268,3.7058403039
6275,1.3016130134
6280,3.1530878654
6283,2.5571695793
6288,4.5147466804
6289,2.3654266688
6301,5.7407360087
6308,4.2355174226
6314,3.8471183155
6315,0.411843472
6316,3.6415916839
6317,2.8730916264
6318,2.6535904731
6323,3.3992337905
6329,3.4276286913
6336,1.5542142005
6341,4.713656966
6348,3.3616732682
6349,4.5949516895
6365,1.2923417266
6372,3.5768915849
6376,2.8527333607
6378,1.1926209581
6379,4.5417043643
6382,1.025523544
6383,2.9572855845
6389,5.1554336908
6390,1.7995092454
6392,4.3337990718
6394,1.5082757646
6402,0.8191584589
6404,3.8834437857
6405,2.6648886537
6406,1.0988496274
6409,4.3479061251
6410,5.163657745
6411,3.7158751538
6421,4.8926688205
6428,7.4757815786
6429,2.4675738563
6432,4.0227079187
6436,1.3126324695
6437,3.7474034434
6438,0.566373183
6445,2.8671269679
6447,4.1574914064
6450,4.3703216724
6462,4.5614522231
6467,3.7393591635
6478,3.761319654
6484,4.7623962475
6492,4.4513183554
6497,6.7410785533
6504,3.0149827631
6505,1.2637820952
6513,3.0105861718
6525,4.5483719742
6526,4.6752365053
6528,2.8222855449
6540,0.8970621762
6542,0.6333272613
6544,5.1401620973
6548,3.7127815127
6552,3.0952307521
6558,3.7193371376
6567,2.4736453236
6569,4.2830258459
6572,5.5842635254
6577,6.2697585309
6581,3.1507723239
6588,2.9132326623
6591,1.0272770419
6594,2.5302246837
6600,6.1427164926
6602,3.2786439618
6604,2.6709055807
6605,3.5608245477
6614,2.396398541
6616,1.6372345512
6621,1.6001118376
6640,4.3723326706
6641,2.9664874225
6643,2.1088086856
6644,1.1324382661
6649,2.3441354669
6650,3.6529520569
6655,5.5797917509
6661,1.8485892141
6672,4.6924691141
6677,1.922134221
6688,1.9825825073
6689,5.3207284825
6691,2.5895306807
6692,4.8671991475
6694,3.2725284216
6702,2.3917285123
6714,0.9735887087
6716,5.1445916791
6724,3.7105556965
6725,1.6313420954
6730,3.5978479385
6735,2.9438942916
6738,2.9293290627
6739,3.0787027569
6743,3.7433186594
6747,2.6446915673
6750,7.4757268126
6751,3.2242378643
6753,4.1866036741
6754,2.6982130256
6755,1.6881782553
6762,3.7615608601
6764,3.7727591006
6772,1.9733126193
6774,1.3931213444
6787,2.5457884164
6789,3.3698704662
6793,3.9911678409
6798,1.3928287159
6799,0.5766775233
6800,4.022640397
6802,1.8889376285
6808,1.5928109565
6809,4.0069995907
6812,4.4328943658
6814,2.767757321
6816,2.6107980086
6822,1.0981271281
6829,3.6772533902
6834,2.5168772646
6836,4.2891470107
6839,3.3262130045
6840,1.820498027
6843,1.8984959726
6846,2.176416851
6848,1.3953927732
6852,2.5383989014
6856,5.6396078581
6860,4.5246075511
6866,4.0626692617
6870,4.0594995126
6878,1.0232862516
6880,5.0669181168
6885,5.5142609752
6897,4.0625547314
6902,3.3511533778
6904,4.0160967752
6907,4.0811394721
6909,0.7553185984
6914,2.1709219148
6915,5.6851442928
6922,1.4882000205
6924,2.3212348129
6933,3.4068321033
6934,4.7634926609
6941,3.7884126553
6957,2.508680508
6960,0.8645815488
6969,0.4320217424
6975,2.5034129235
6980,1.6833392218
6983,1.6987419063
6987,2.4641271669
6994,2.6992058593
6997,4.6965732556
7002,3.2361796364
7010,2.4380477605
7015,2.9899350346
7019,2.9685862816
7022,4.5010731337
7025,2.5603711333
7029,4.727494908
7031,2.6061658448
7037,2.4696160798
7038,3.6014967951
7043,1.7015817272
7049,3.5858312079
7052,2.6449905084
7053,4.1567781906
7056,3.1493296286
7057,4.2462069977
7080,1.5706262494
7086,1.7135328256
7087,3.5156110878
7105,3.7073699029
7108,2.500775831
7121,1.4303860159
7122,2.3528747018
7125,1.6091688633
7132,3.2416666814
7134,3.5598914522
7151,2.516134741
7152,3.2766575288
7157,3.1237710987
7159,1.2503978082
7166,0.7418557802
7167,0.8729989795
7177,3.0936980415
7179,1.8260013866
7181,0.8446874525
7183,5.5000886387
7186,3.6715779012
7193,5.2965826749
7205,3.1653401875
7207,1.7866734995
7209,3.9405575048
7216,1.323638582
7232,0.7558716732
7235,2.0999706764
7238,2.3865133948
7240,2.3527986875
7243,1.2448052089
7252,2.5261495649
7269,2.5661335802
7275,3.6925107568
7281,2.0027962476
7283,1.7094007288
7287,6.6857500643
7289,6.3381958447
7291,4.1777268735
7294,1.2355034721
7304,5.3976109105
7308,4.2211336672
7313,3.0103360351
7319,1.0165697495
7325,1.7148374366
7326,2.4648783167
7330,5.2489588997
7332,4.3216275758
7337,1.2216982175
7341,0.7111148234
7346,3.2033031526
7353,1.4258170627
7354,4.1106477717
7361,1.308346603
7366,0.9399204869
7368,5.2042635927
7372,3.9919962892
7375,2.9973748937
7377,6.5240235522
7380,1.4976624089
7382,4.1764305995
7385,2.6168474248
7392,2.3206726402
7395,4.426369491
7397,3.2763543995
7403,3.2605581048
7406,3.3506413416
7409,0.2945353144
7410,3.6890906861
7412,4.308327083
7419,3.0592945957
7425,3.0330667016
7435,7.6334565012
7438,3.7463253081
7440,4.38125891
7447,3.1101985479
7449,2.4430717644
7456,3.4928331719
7464,3.6995467871
7478,2.6208616244
7480,3.1196978264
7481,5.2175896352
7483,3.4765001084
7484,1.8005731013
7491,4.0843668901
7494,2.2824128479
7501,2.4100898858
7503,3.8542422845
7509,2.3724742333
7517,0.4877415861
7518,6.0334889393
7519,2.1539817253
7521,5.3630468792
7522,2.7403841972
7536,3.5919826471
7539,1.239991743
7547,6.4852708176
7549,3.188187083
7552,2.7517172584
7554,1.7149203537
7556,3.5784225004
7564,3.7758946894
7566,1.3281306238
7570,4.1818184901
7571,3.0832893929
7572,3.5828549086
7575,2.1471661219
7586,3.1938902486
7589,5.0509956189
7590,2.866676629
7597,3.6401578824
7602,4.4061679535
7604,4.1855284689
7605,2.8434982376
7612,1.8688090364
7615,4.0459436243
7617,3.119143049
7624,3.6470994773
7632,4.1046664306
7639,4.1725835482
7642,2.8469876723
7643,3.4849985287
7649,3.5788750547
7650,1.4965544091
7653,3.8861137201
7654,3.4148038309
7657,5.1198480608
7662,1.2251517989
7669,3.7841095384
7671,2.6127188417
7675,1.0910943982
7678,4.1430843121
7682,4.1863935615
7688,1.6688021234
7689,1.343201763
7690,5.0112209976
7692,2.3229450843
7699,1.3307861104
7705,3.0126938725
7712,3.2652625932
7726,4.4039486531
7728,2.1427260781
7735,3.9641271002
7737,2.6487830333
7739,3.7963217697
7743,1.3139935008
7744,5.569922345
7746,2.5021227378
7749,1.2183131127
7750,3.9259271613
7752,3.7770001532
7755,4.9349084889
7756,3.7602144782
7762,4.1046713492
7764,0.9207298338
7769,2.4737979359
7770,2.3972906965
7776,5.1170817814
7778,5.2639959867
7784,2.6641079566
7786,2.8786694144
7789,3.0974523543
7793,4.3269852203
7794,1.518850922
7804,3.1250689255
7811,4.4223491017
7813,2.823712196
7815,2.5231894923
7817,0.7916562505
7818,3.6847620442
7821,5.8866810798
7825,3.3760889503
7830,4.994514108
7832,3.7919660642
7835,1.6243182198
7839,6.9376481411
7842,5.0028070696
7849,3.9781030359
7856,2.6134650062
7857,2.6363930679
7863,4.7225005606
7866,4.2875949121
7871,3.0912950229
7875,2.3555171597
7882,2.2559776273
7887,1.406090821
7888,3.3789813742
7891,2.0950695786
7895,4.2586649581
7901,4.1056122772
7906,2.6078594221
7908,0.8145034965
7917,2.1555529924
7924,3.0297668749
7948,3.9735162621
7950,5.7152426425
7955,2.355205596
7957,1.8997890548
7959,2.5369863507
7967,4.8035523014
7969,2.6991425415
7971,4.4145288082
7974,3.0785598847
7976,2.4389962491
7986,5.7076867454
7987,0.9138542687
7993,3.9462991165
7996,3.706754054
7998,3.3349684806
8018,3.1088404238
8019,2.596001306
8027,1.6200753912
8036,1.481010114
8040,4.5923873289
8044,3.6783680115
8050,2.9604807118
8052,0.2809055544
8054,0.4811534404
8057,3.6929517631
8058,4.1119000217
8059,2.7168320418
8066,2.7473084492
8070,6.47329512
8072,6.6625478576
8078,2.7152199406
8079,3.1211552582
8080,4.1339881809
8081,4.2389745301
8088,1.3685080721
8091,2.4976561651
8094,2.4887335228
8095,2.7113979056
8099,4.197901696
8101,5.280633737
8102,5.2612451234
8116,4.3203777932
8125,4.0961499215
8134,0.83811322
8139,1.0688071399
8141,4.4469089369
8147,2.8307851364
8158,5.925838948
8160,2.6478590328
8165,3.001759967
8187,2.4319659571
8205,1.299393345
8209,3.155504655
8211,3.7462917969
8232,3.7745853719
8236,4.5353540958
8237,5.4390726485
8238,6.3190415536
8245,4.0863788429
8256,2.9614970536
8268,3.2799954239
8269,2.5273085067
8270,4.6707568305
8286,2.7505299072
8289,3.7288501874
8301,3.1530274421
8305,1.5134373544
8310,3.0716728704
8312,1.1323566556
8318,5.1369845463
8321,4.0945755822
8328,1.2079806307
8331,4.5650754315
8334,2.7437974664
8344,3.7674448614
8345,2.347506179
8352,4.2904839784
8358,3.5695453408
8359,1.9943310318
8360,2.6698777572
8365,3.0682234051
8366,3.1123342296
8369,5.0448949744
8373,5.4531906196
8378,3.8158597398
8392,2.9147847584
8397,3.0010544927
8399,2.3099625502
8400,2.2031161717
8405,2.6326489648
8406,4.6194748885
8410,0.9253881447
8413,3.9401661406
8414,0.6310266683
8416,5.4120647521
8426,2.4291828644
8434,4.6625614053
8439,0.9401422181
8440,1.5592451835
8475,4.0706076289
8480,5.4057219595
8497,2.1326314749
8499,0.7964474605
8500,3.4609788397
8501,3.0194081596
8502,2.8059036973
8518,5.7954918078
8520,3.8081516223
8523,4.5895814373
8525,1.3689012164
8532,2.5416830966
8535,1.9119790575
8543,1.6718482431
8554,0.7516065779
8560,4.5598922445
8561,3.5131462694
8563,1.4136365047
8566,0.9703698969
8570,3.7673424003
8572,3.3105944738
8582,1.2507514211
8583,1.9177046404
8587,1.9969873717
8592,2.0753331375
8593,1.2050086438
8607,0.997510729
8609,4.6307513659
8610,3.6068639479
8614,3.8644043054
8616,4.6352331014
8622,3.5367928532
8623,3.7839247883
8624,1.8197458923
8633,5.7362629753
8641,6.5456637541
8644,5.4684201837
8649,4.5045528139
8653,2.980019846
8657,6.8946997368
8658,2.6244140724
8663,3.6081295823
8672,1.9096769986
8680,0.63251668
8684,2.5997591508
8687,1.4927961993
8688,3.6913700233
8690,3.6285039378
8712,0.2051770495
8717,3.1404342158
8730,5.1205557035
8739,3.7087969052
8744,4.5246250293
8747,5.4232441103
8748,4.2070109705
8751,2.9054497231
8758,3.6805981733
8761,1.6246120745
8763,1.566112654
8764,3.8113818564
8765,6.5864990704
8773,4.4538445718
8780,2.5450126416
8781,2.9916485226
8782,3.5710789584
8785,0.1563662764
8786,1.7689264872
8797,1.204752246
8799,4.0000527945
8807,1.0784989364
8816,3.5522544185
8817,3.2108076602
8826,5.1765567453
8833,3.0167734378
8834,2.9812511094
8835,2.4126218675
8840,5.1087674799
8843,3.2353415199
8849,3.0192258137
8855,3.323684628
8861,2.0205674168
8862,3.9353530122
8865,2.7116627666
8868,4.5471813933
8870,4.4873480528
8880,4.4830209159
8885,1.4629074854
8894,1.9642358719
8895,4.2629102426
8899,4.2203562475
8912,1.7655862821
8922,2.6374977703
8924,3.0724443781
8928,3.8881955363
8932,0.7827774612
8943,5.4770375634
8945,5.8707131744
8946,4.7981579457
8954,1.5226312655
8958,3.7496286203
8960,1.4080717501
8965,1.1645672487
8966,4.7407347141
8967,2.2742208643
8969,3.0559704698
8980,3.9627286025
8984,3.9264954057
8985,2.9003072497
8988,2.7131014669
8989,4.789456504
8995,1.6243479539
9004,2.681704991
9010,1.3316151451
9012,1.3242768535
9018,3.6613717693
9036,0.824083317
9037,2.1386644071
9040,1.6375727682
9041,5.7433088392
9044,5.8797998306
9045,3.0167432672
9047,2.3177371492
9049,1.3403071358
9061,2.0837826181
9062,2.423221202
9076,3.6241120197
9079,2.5676249991
9081,3.9160150098
9082,4.4205443053
9089,0.8506081794
9092,2.9786930078
9094,1.4567409476
9115,1.2225652781
9117,4.1855101866
9118,3.1790464415
9120,1.6725970263
9124,2.5474818453
9128,1.307536973
9135,0.8966959007
9136,2.4519112016
9138,4.0030881535
9157,4.0650602562
9176,1.6136797463
9183,1.6416932043
9187,3.08629419
9188,1.5581074931
9190,4.2614896817
9197,3.8559276194
9200,3.1865656944
9201,1.4903771408
9203,1.1079126816
9212,3.6348184371
9213,1.4644368742
9214,4.3282244607
9217,2.6532903364
9219,3.5140424257
9220,4.9560544616
9221,6.0051993921
9237,2.4698612991
9240,4.51508523
9241,2.3789462224
9248,3.1233731937
9253,7.3095494757
9259,4.4562104992
9267,1.6115554884
9271,2.5781470041
9273,1.2385295753
9285,5.695039719
9290,3.7272916996
9291,3.4057959734
9293,1.1530498046
9294,3.6039059308
9301,3.016516672
9302,4.0197289627
9312,2.2038207443
9316,3.6680923876
9319,0.81212943
9328,5.1233529271
9331,3.9721507823
9338,0.5490682927
9350,2.8884285334
9356,3.7158323208
9359,2.1356880304
9362,3.5380167622
9364,2.6234880206
9370,3.13226774
9380,0.7275144723
9386,4.6239048811
9394,1.688670486
9407,3.7433186594
9411,2.8999101183
9422,3.6078806826
9423,0.6022980627
9429,1.6302192658
9433,0.8538314408
9439,0.9931607602
9451,3.9448983061
9452,3.1731742358
9453,1.734365621
9460,5.2244250369
9465,5.8810552159
9470,4.1710741977
9476,3.8420404546
9485,3.67776731
9486,1.2315782099
9488,2.8718073286
9507,5.7895969438
9508,1.5038630479
9517,7.3985521269
9521,5.8991441266
9528,3.0937177267
9532,3.0623350264
9536,2.9354434135
9540,5.1610467051
9542,4.608294078
9546,3.4702271226
9548,4.2042425149
9549,5.841706586
9554,4.6692859472
9555,4.3969456558
9558,1.199638532
9573,1.31204187
9575,4.684885788
9584,3.0045472202
9586,3.7489018674
9588,5.4757589668
9591,1.0197223548
9592,4.236162611
9597,6.7915895487
9600,4.1557307636
9603,3.5695453408
9605,2.4560246175
9614,0.8464725509
9616,4.8072657912
9622,3.6824762778
9624,4.1185138063
9629,0.9931607602
9633,3.976527983
9640,4.031572856
9644,1.6803627563
9645,0.6445256252
9646,2.773071924
9648,2.8978395191
9649,0.8839908492
9660,3.8151670857
9664,3.1444609537
9675,1.0224505774
9679,3.2007498471
9680,3.0713571603
9682,0.9623819006
9697,2.949750042
9701,3.318426014
9704,2.9751604467
9705,1.4152392581
9707,3.8393204705
9714,0.8119136411
9718,2.507147171
9722,5.2683319941
9739,2.6257791697
9747,5.8849232912
9751,1.8363040802
9757,2.2438246583
9759,3.4159675078
9760,3.9753623888
9764,2.8587787725
9776,1.1327318381
9778,2.7794869972
9786,0.8243862885
9803,3.5980546509
9804,4.7389656523
9815,5.3252892678
9824,2.1213549487
9825,0.3000524094
9826,3.0762208101
9827,3.7427724005
9833,3.5617813929
9835,1.0311017973
9860,3.7511077411
9865,2.8353404758
9871,3.3062986931
9874,1.2566143231
9880,2.2004582262
9882,1.4565846911
9885,3.1728979792
9888,4.5521627248
9892,2.1673982567
9893,5.1853188577
9896,1.4135416876
9902,3.2686980084
9906,3.8658583318
9910,5.0267411804
9914,2.5517153305
9918,1.6828519782
9920,1.0211063071
9926,4.2678094934
9931,6.5154833726
9935,3.8376322496
9945,4.6471606309
9953,1.7204038386
9957,2.8485640108
9963,4.4063910157
9972,4.5447758555
9976,4.2689501596
9979,2.6575886256
9980,1.5157154717
9982,1.2155803691
9991,3.6962036857
10000,5.4727596154
10003,3.5964872383
10005,2.4260041125
10014,3.4406409425
10032,3.328492395
10034,2.8595757884
10041,2.4048993434
10042,3.9733021239
10044,5.2234081772
10045,1.4048730541
10054,3.615360519
10061,5.9780431566
10062,0.9219898674
10073,0.9903541158
10081,0.594910654
10084,1.331618054
10086,0.1916319229
10093,1.33386947
10101,5.3585607826
10105,3.9619941613
10110,3.700250358
10113,3.062417633
10115,2.9141194486
10119,3.6357356643
10121,3.2376483682
10124,1.0699830164
10126,5.4150846621
10127,3.4565448929
10145,3.1637924918
10147,1.3090548215
10148,2.617487043
10162,2.1082930182
10163,2.4645388029
10166,2.2124238404
10172,3.5497414491
10173,2.1881425288
10175,2.2229629096
10180,3.1406273282
10186,1.036737511
10192,3.4641867352
10199,2.9740001149
10209,0.3817875876
10210,7.6923085563
10214,3.1681440225
10215,0.4169409439
10216,1.6662157273
10232,2.2499250272
10239,5.2720073706
10249,4.7283914461
10253,5.3428828212
10255,1.3756787953
10262,2.9198132445
10264,2.4920071252
10266,1.0773435099
10268,1.6652139784
10271,2.9206320857
10272,5.344166928
10276,0.9592768266
10277,2.2919154635
10279,2.7489236502
10281,1.8212036177
10285,2.3572465721
10294,1.1986289179
10300,2.8717868626
10304,3.0400181847
10307,2.5885080836
10309,5.1328791964
10310,1.7530443424
10312,0.9547293461
10321,2.9904646659
10332,0.5081397737
10336,3.5033399987
10368,3.0183722674
10369,6.0199666751
10375,1.3713610349
10376,1.3761643338
10379,3.584636241
10380,2.8384921604
10383,2.2015282429
10385,5.255103359
10387,3.6036221127
10397,2.6242976717
10412,3.0015750441
10413,1.4588384605
10418,2.5511265834
10420,3.0945589242
10426,3.6399981172
10427,2.5565075862
10428,3.1235511934
10430,1.3281156098
10435,2.2313289427
10436,1.4116515396
10446,5.8711049996
10448,3.3576821632
10449,4.6241246425
10463,2.3675800399
10469,2.2824128479
10470,4.2512332535
10471,3.6328525657
10473,5.1427040113
10476,2.9755817933
10482,3.0737951493
10500,3.0357173694
10511,5.1199277418
10512,4.2507790504
10514,3.5651495098
10515,4.2069603008
10526,1.2971651301
10546,1.8723933514
10549,3.7231976111
10553,1.3965939054
10558,2.2780372833
10575,0.7712704545
10581,2.4090309313
10583,0.8477158581
10584,1.8783469615
10585,1.1100683337
10610,1.8507502002
10611,0.710187438
10616,4.853437057
10618,3.0946369719
10628,0.6648417384
10632,1.6337322994
10642,3.646916278
10648,3.2571055922
10649,3.6399828396
10650,2.9649801702
10654,2.176147095
10656,5.1400820252
10661,5.0909086677
10663,0.7554167572
10672,3.0016391729
10678,5.2829825462
10685,3.9561522599
10690,5.0899534621
10702,3.6438917849
10706,3.1242044155
10708,2.5345019445
10716,3.0248779192
10717,4.4880771259
10720,5.3247787909
10729,1.2596003211
10730,5.4480435785
10745,1.6395896137
10753,2.4429708446
10754,2.2702925809
10762,2.3319839328
10766,1.4877016931
10776,1.2193583203
10783,2.5072412953
10789,2.932033956
10790,5.9222541995
10797,0.5934396431
10807,2.994865158
10810,1.1343081303
10817,3.0364754283
10820,2.6258738033
10822,3.4861244356
10828,4.4663678405
10829,2.4865592042
10830,2.5965653903
10831,6.0073114759
10841,6.2188513865
10847,3.1778805897
10856,0.3857099908
10860,0.22115943
10861,5.0809367692
10863,2.9127996469
10875,2.3173632027
10884,4.2323107481
10895,1.9096832778
10897,2.9412802764
10898,2.5689232154
10903,0.1268966003
10908,0.9986656322
10924,2.2964003214
10926,2.2614885091
10927,2.8238120695
10928,2.5526229031
10933,0.4409683258
10939,5.7138548416
10942,3.9267951171
10945,3.0368189
10949,3.7523243494
10950,2.8484766639
10958,6.1689967864
10963,3.6358180216
10967,3.1453566765
10971,1.0404779893
10972,1.6272471204
10974,3.7399833236
10976,4.5401483308
10980,2.7671208487
10991,1.6146523459
10995,4.0522911804
11014,5.1857857135
11017,4.8298102383
11019,4.7067698218
11022,1.5269852969
11030,4.1761006296
11031,3.0577844562
11041,1.6145360615
11042,3.7167721966
11044,4.1002687318
11047,4.6541473328
11048,3.0047665865
11049,3.2835306223
11052,3.0603546415
11058,1.2292081052
11069,3.1051357007
11070,2.9348355747
11073,5.3024627471
11074,1.2516752406
11078,1.4809186024
11079,0.4026962799
11085,1.07303282
11088,3.5704899553
11106,0.8607577774
11110,5.5843539366
11114,3.4449026976
11118,2.4645083856
11129,4.6784367672
11130,3.725715666
11131,3.5494376686
11133,2.6042327249
11138,3.3606620708
11143,3.7382855795
11146,4.3419003454
11153,3.7468321957
11162,3.5072026546
11170,7.1017693322
11171,0.4111722367
11201,3.1143380514
11216,5.0516220958
11219,2.6887038761
11222,4.7031218136
11234,1.4503170792
11238,3.7602144782
11244,3.0174564218
11246,1.5911567936
11248,2.4472085677
11250,1.1420187495
11256,4.4119219049
11259,2.1904251652
11263,0.6565572471
11264,2.8639467254
11270,1.6323490172
11274,1.3224513588
11281,2.900828263
11285,1.2445523818
11300,2.0105344421
11305,2.8413182375
11317,3.3034609987
11319,2.3965742605
11330,1.6402224424
11334,5.179305542
11335,5.5787892629
11336,2.8593812327
11356,4.0871645298
11358,3.2936291877
11360,1.3026077725
11364,0.7583662235
11373,5.6521271394
11379,3.4111253536
11382,4.1866704115
11383,2.2087139325
11385,3.9561522599
11387,3.0188218601
11391,2.8691419969
11397,2.4369667463
11404,2.1756335072
11405,0.4320930974
11409,4.2355174226
11419,2.9641061526
11430,4.205098692
11434,5.746200165
11436,2.5010742601
11440,3.1474166989
11443,2.6188972324
11449,2.481971966
11452,4.0204638907
11453,1.4406860148
11456,4.6814064064
11457,1.2971651301
11459,4.3001596106
11471,0.3334150459
11476,3.1091234002
11479,1.1698816616
11481,3.56433198
11485,2.3700599715
11486,2.5065887695
11487,2.4258850949
11488,2.2520352705
11498,2.3200030457
11506,2.6747539878
11511,5.1830818043
11515,1.727996177
11518,0.9348200187
11521,2.1768627647
11523,2.6421888271
11524,1.3052309566
11525,3.7045431689
11528,1.6242055241
11530,2.6443564292
11531,2.9669587234
11533,2.7767671812
11535,3.7419715256
11537,3.6479827278
11538,2.5766207779
11541,1.7938161536
11548,3.8540935809
11552,2.7581848747
11558,1.3434902866
11560,1.5967327871
11566,1.0205191939
11572,0.8521342263
11573,4.2865096051
11582,4.0524869049
11586,2.4723453396
11590,3.9894770802
11591,2.5921593311
11601,3.7227296747
11611,3.4662404707
11617,1.056715442
11619,4.4625189462
11624,3.6707261406
11626,5.7448836056
11644,1.9263036215
11652,1.0826429932
11656,2.2028089333
11658,2.5868789242
11659,5.0991684459
11663,2.9559242002
11665,3.8498973583
11683,4.199856945
11685,1.8215825224
11691,2.7940937993
11694,3.5115232607
11698,0.7623614668
11700,3.6642341782
11703,2.3784477741
11705,2.4940738608
11710,3.2828231829
11711,2.9521940553
11714,1.3507837459
11731,4.5334994267
11732,0.3193026839
11742,2.2247489814
11744,3.6229749715
11745,3.1383428807
11749,1.9323202133
11756,3.3840527891
11761,0.6569061001
11762,4.1642212926
11766,4.3273347769
11767,8.006166739
11769,2.7470867001
11770,3.6032427316
11771,4.0763009304
11777,3.1023408885
11778,5.1866438976
11779,0.9657130259
11788,1.9317207979
11790,4.5474081817
11794,3.6808904627
11801,3.6656317927
11807,0.8000918123
11812,3.8795798315
11817,0.8651307884
11818,2.3659642305
11825,0.76422251
11828,4.1339074852
11833,4.3306306254
11837,5.0762428712
11838,0.5365089132
11842,2.0102819035
11853,4.174080276
11857,4.1565340541
11858,1.9045490705
11860,5.1354722759
11867,3.7974686887
11868,4.5031360339
11871,4.2326937627
11875,3.2891491145
11881,6.7318082462
11890,1.3152586544
11892,4.2026844832
11894,2.9110900709
11896,4.6441094837
11903,4.334638341
11905,3.3980871321
11907,2.6017519469
11909,7.4051898613
11911,2.9826317992
11915,1.5348653507
11918,3.2145284991
11920,4.5906069081
11923,4.2845219478
11924,3.0195125741
11926,2.1824250443
11931,3.5012163461
11933,4.175542977
11940,4.7369582799
11951,3.1408783289
11953,2.541535364
11973,1.7130555498
11984,2.0210801809
11985,1.8561290028
11991,2.5980580881
12002,3.1360962861
12006,3.06411824
12008,4.3241814841
12013,1.6507324283
12015,3.440544816
12016,4.2010454149
12023,1.4799066488
12029,1.81315461
12036,0.5157907336
12038,3.522875093
12041,1.1576800296
12049,4.4306299234
12050,0.7385385571
12054,3.5282468019
12060,3.0222099469
12062,5.3617276639
12065,2.5871595187
12079,1.5164252055
12083,5.9608586024
12090,4.7744034377
12091,4.4262606878
12094,3.9772764355
12099,3.5769311769
12101,2.596591377
12110,3.0065232708
12116,6.5851558937
12122,3.3742799985
12127,6.991039326
12133,3.7320895919
12142,1.1138017062
12147,4.1715361875
12156,2.5976413018
12157,5.0451177197
12158,5.3629932378
12161,4.1809317495
12163,4.0208532544
12166,2.3082989993
12170,0.5721755493
12174,5.3585607826
12183,1.2918053927
12188,1.1457528693
12189,4.1609005002
12192,3.388013016
12201,2.9846137492
12204,0.3614694557
12207,0.930046759
12208,2.0320880338
12209,3.6037076445
12210,7.3853423811
12217,2.9263387283
12227,1.5710397663
12231,3.4838657783
12232,3.6666087859
12239,5.2241651784
12240,2.4458606535
12251,3.1507245271
12256,4.7323155558
12261,0.6308448712
12263,2.3857004994
12266,0.8776325497
12267,2.8133366537
12268,3.7422552236
12279,5.0280272778
12280,2.8875549118
12283,2.4314608124
12284,0.4882548889
12285,5.9565698281
12286,5.3023014595
12292,4.6967445233
12295,1.7696110587
12301,3.8461365239
12314,2.4462778215
12315,0.4211500298
12318,0.892757888
12332,5.2095229409
12334,1.223748838
12337,3.5688879903
12338,4.9474127351
12349,4.3641329553
12350,3.3776716371
12359,5.6233314783
12360,5.2165734848
12373,4.4944060038
12374,1.7534986298
12380,4.1591133009
12382,3.0432886341
12383,2.9802805037
12390,4.4962185327
12398,4.6035850647
12405,3.7643649095
12407,2.673323844
12410,5.8422658035
12418,6.7974756538
12421,4.9797985375
12422,3.0382133208
12439,1.5163619069
12444,3.7475536474
12463,4.7943618016
12465,1.1331925222
12470,4.1002687318
12471,3.6088145248
12480,4.0690905506
12482,4.0836343346
12484,2.960554923
12487,4.1187271702
12491,3.4804176447
12503,4.4796430385
12507,1.3051643632
12526,2.5514164979
12533,3.0515292069
12540,1.2147828427
12543,2.4609453891
12552,1.4958368294
12555,6.4939642767
12556,4.0476979665
12570,4.0253868524
12579,3.4928278806
12588,2.5580741206
12600,1.4231740058
12615,5.5158434579
12624,3.7993060647
12629,1.7051145845
12634,2.7697083573
12638,1.1440045125
12646,2.4068756095
12650,0.3481167788
12665,2.5904762949
12674,2.9885305899
12676,0.4949914948
12678,2.5263990124
12685,2.9831701359
12690,3.0463538479
12698,3.9983519178
12702,4.5635808096
12704,2.9237834341
12705,2.3854083567
12710,3.4682333796
12715,5.2130807691
12720,3.5461237532
12734,2.1278036552
12744,3.6518707582
12747,1.7029851529
12757,5.2862497846
12758,2.1882925915
12766,1.4731478239
12782,2.9422050031
12787,0.9543634428
12799,2.4000998974
12804,4.7204683814
12809,2.9535968716
12813,3.0536972309
12816,3.0345698297
12821,3.8826347337
12826,2.4715714335
12831,3.8217683647
12832,3.6038057991
12833,2.9598755527
12835,3.801385205
12842,1.9501148343
12844,3.6107715118
12847,1.0574681384
12852,3.0455715746
12856,3.7325813213
12857,2.960554923
12858,5.8841534545
12861,2.778986579
12869,3.7094471517
12876,4.000093307
12877,2.2314620962
12879,3.2899777651
12882,4.3888687052
12883,3.7657616782
12887,2.5289682703
12889,3.5349891272
12891,5.2750734715
12894,3.3813803223
12895,1.0092602629
12899,2.0366239073
12905,7.5805413797
12913,1.4257261157
12916,1.5071324266
12917,2.8507142034
12925,3.4325812363
12934,5.3525427314
12939,5.0434814319
12943,1.7364370112
12950,5.1722357215
12961,0.2179082227
12963,2.6347768587
12973,1.6237103963
12979,3.6530439691
12980,0.9592606734
12981,1.2706966575
12982,1.9584928586
12992,2.4307834185
12994,1.0472058493
12999,2.850074654
13002,3.7339165207
13004,1.1535217256
13010,3.3017274643
13013,3.4752307492
13015,4.6804602603
13019,5.8671425488
13030,2.0353866911
13031,5.3300498346
13036,3.6201269911
13037,4.9122895228
13042,1.3758023109
13054,2.6033617077
13060,1.591763368
13072,3.2386571678
13073,3.0399615727
13079,5.3487020252
13081,1.7470045991
13086,2.6764213317
13087,3.7448275896
13090,1.7608141213
13098,2.9237834341
13100,2.7751007425
13105,0.8053394316
13106,2.9825058232
13107,3.7618308136
13113,7.3441449466
13115,4.2299571347
13117,1.0290417539
13118,2.9759629335
13121,1.3022238268
13137,2.1352106335
13146,1.4302221507
13150,5.2282656406
13151,4.3387939733
13152,2.8099117369
13156,3.2871588631
13165,5.5019747487
13169,4.4206495546
13178,3.6409369143
13180,3.7014203846
13183,4.1497470058
13184,0.2660089871
13188,3.1273058619
13191,3.744402483
13196,1.2420277255
13203,3.5366292003
13206,2.6854678633
13211,4.7779667605
13219,1.1352997964
13223,6.3890977734
13226,3.6896814981
13228,2.5472820221
13230,4.7191248959
13240,4.4165546594
13249,5.3766609172
13250,1.1361641685
13256,3.6980443189
13261,1.8720929163
13263,2.3827288765
13268,4.5924717401
13275,0.9711566349
13277,5.2762113414
13283,3.8587087792
13284,1.3399732679
13285,2.439110187
13286,4.042016957
13287,1.5837046164
13290,3.0233168704
13291,1.2797840257
13294,5.4223748444
13295,2.9215887862
13303,2.9579343449
13306,1.33400307
13311,4.8396124491
13322,0.8390665621
13331,0.6377222122
13337,4.9455786443
13344,1.4890848899
13362,4.9343953245
13364,2.3234764438
13366,1.2884436147
13368,3.1257244367
13370,2.2523880334
13377,5.0047918964
13378,2.4014499916
13388,0.4055899371
13392,4.674782223
13398,4.621595096
13403,4.4791584843
13404,4.5542395582
13409,3.6671424545
13416,0.9315010676
13422,0.4302873703
13427,3.6418234522
13433,5.283491886
13438,2.937752464
13441,5.4694096604
13449,5.3047378506
13450,3.4012861021
13453,2.3826597423
13460,2.7130692333
13461,4.6038381916
13465,3.6211200906
13468,1.0226790307
13481,3.5197561275
13485,2.3099307802
13487,5.194964085
13490,3.6577680034
13493,3.0121866816
13497,2.4670095136
13508,1.2991630821
13516,0.5604041429
13525,3.3265121365
13533,4.2763446923
13535,1.6202852275
13538,3.7128430503
13545,3.5687545798
13566,3.2124028862
13581,2.6252636691
13584,1.6331902937
13588,2.6265247191
13596,2.7019572461
13600,6.4923711626
13604,3.6662281246
13608,2.9283999373
13611,2.8760875193
13612,1.2288413512
13615,3.6047165949
13616,3.9436551667
13618,3.7666856103
13625,1.4731478239
13628,3.1832508696
13629,0.4804374865
13630,5.3830633084
13633,3.5347504071
13637,3.7800723789
13640,1.5328023315
13641,2.1374651228
13651,4.5492431425
13674,3.6198015698
13684,3.664116405
13690,2.2062191724
13707,3.6739476853
13709,5.1948154338
13710,3.3318167444
13713,5.8644690774
13724,1.1383634274
13725,0.7820868225
13731,2.3558559762
13736,2.1808286584
13740,1.0583145472
13745,6.5029912618
13748,1.2302298689
13751,0.6910027309
13758,1.9095593164
13762,0.6245773179
13764,4.2916617324
13765,1.7206764979
13769,2.2934354588
13770,2.2392042294
13774,5.0082175972
13787,2.6808300078
13791,1.0143956693
13802,2.141417639
13807,2.681114833
13808,2.1601294007
13809,0.9238681925
13810,3.6864670356
13822,4.3932831169
13823,3.1189918588
13825,3.6949649685
13826,0.8155666667
13833,3.3670946762
13837,2.9318183194
13842,3.4552489746
13846,2.8131221382
13852,4.7754471665
13853,1.0150389416
13858,1.1969332703
13860,1.6822676564
13866,1.959626244
13886,1.0144956846
13887,0.6667979518
13890,3.6801999086
13891,3.1472944124
13893,2.3508082579
13902,6.5285273257
13903,1.7434887455
13908,3.9780417871
13912,2.2603817057
13924,1.1034298393
13928,2.7279746723
13929,3.6411580599
13938,4.591961018
13939,2.4241977643
13941,5.0631964413
13951,1.5302392973
13962,1.2807742884
13964,2.4336789817
13967,2.9985469485
13971,3.4182864285
13972,4.0065361185
13975,0.1654567869
13977,2.4878057048
13979,4.2207736525
13983,1.7571216074
13984,3.2662248944
13987,1.3431125416
13994,4.2930879063
13999,2.9104031325
14003,5.92751249
14008,4.7737009351
14011,5.2048274675
14012,2.3774606178
14016,2.9642773879
14017,2.7289843369
14020,1.077954363
14027,1.1605717659
14038,3.7545382965
14040,5.1433649115
14042,2.6308971254
14055,1.5744637006
14057,4.7121110606
14060,0.9148736407
14081,1.4229834244
14091,3.607132579
14111,3.0560600829
14117,5.220115897
14121,3.6039350573
14122,5.2016776885
14125,2.0334169059
14129,0.9727051483
14135,0.7037668016
14148,0.7208819676
14157,3.7927605845
14161,1.1673919266
14163,1.4294523787
14172,3.3574050995
14180,1.4150349838
14182,4.554642801
14188,1.9088720678
14191,2.9752698625
14201,7.0686202429
14202,3.700945182
14213,3.8023425048
14220,0.9348829641
14224,2.3185429521
14231,1.4576569646
14241,5.2481052855
14243,3.9430252329
14245,2.597127467
14247,2.2503773265
14248,2.8973337249
14252,2.9503474549
14254,4.1368236916
14260,3.2006567359
14269,4.5066760488
14272,1.0232862516
14274,3.8052456998
14279,2.8774961532
14280,5.319176805
14290,3.1671036285
14298,7.6559769604
14308,4.3144650876
14313,3.8260338602
14316,3.7482061797
14319,5.562377411
14322,0.6547073007
14323,3.0414270774
14325,6.6381507338
14337,3.9355831966
14339,3.9746954224
14341,2.9550602334
14342,5.1844862081
14346,5.902328882
14351,3.7642939887
14354,1.4051906227
14355,1.0327838706
14358,6.5532666028
14359,0.6818044683
14364,3.7891957485
14374,1.538568566
14376,2.1580960784
14382,2.7767671812
14384,2.8833309441
14393,1.3118342784
14398,3.0407986819
14403,4.1318444311
14406,0.7749827646
14408,3.8466160702
14411,1.5874035739
14414,3.9015274229
14418,2.5316763896
14423,3.8124322276
14442,3.9547173057
14443,3.8346021362
14444,3.0873240947
14446,3.3647460095
14455,3.0843649711
14456,4.4705825901
14458,3.7239619382
14464,4.290392226
14466,4.9508293761
14467,2.8267287756
14469,3.172161086
14483,0.7359258494
14484,2.9777567294
14490,2.6451798275
14491,2.4876057898
14494,3.0649609478
14496,3.815257244
14503,1.5552733286
14504,2.6400203528
14505,2.9664067551
14506,0.9366381483
14507,1.0701207722
14512,1.381664824
14520,4.6507441027
14527,2.2984733336
14531,5.3842376005
14532,0.8370692007
14535,2.3724742333
14543,0.9067428102
14554,3.8675097916
14556,6.5631212429
14557,3.7521532784
14561,2.2805071348
14562,3.4036721564
14567,1.2751139418
14568,1.5518535684
14574,3.2670982712
14575,2.7644722308
14579,3.1627070416
14581,3.5430268172
14582,2.2163712771
14586,1.4988016766
14591,2.7371405639
14598,3.0232112798
14599,3.0161405183
14600,1.0985310678
14612,4.4681224081
14613,1.5694744809
14624,5.0462119387
14626,2.9146731317
14630,4.1496107621
14633,1.9758699504
14639,2.705590371
14642,3.5021965345
14643,4.3568544619
14649,2.1664158075
14650,1.8297063763
14653,2.0512489426
14655,2.3530350434
14656,2.4360643353
14662,3.6313371422
14663,1.5648381173
14673,2.7089692858
14674,2.4961830521
14676,3.706754054
14682,1.720755253
14685,4.5452458418
14689,2.6324346579
14693,2.9823326101
14697,2.8798154223
14700,3.0768485869
14704,1.1138017062
14710,3.1953355403
14719,3.3316739885
14724,4.5824918224
14728,4.3108425462
14735,3.4010837417
14736,2.3845858803
14741,1.2151087478
14744,0.566825637
14753,1.1804329965
14756,4.1522800995
14762,5.0141317276
14765,4.5883400007
14783,4.6748523736
14784,2.3523457453
14786,0.6426001639
14790,1.2767951779
14793,2.9123836857
14796,5.6194425367
14801,1.035384234
14807,0.9659715416
14812,3.8838075662
14815,5.2587176288
14831,4.2438100126
14833,5.7775944871
14836,5.6416168168
14856,4.0419641231
14859,2.7692615977
14861,3.5041183247
14863,0.2972338403
14865,1.6461792195
14880,1.0168911012
14881,3.8057940987
14883,1.2901186543
14884,4.7567415516
14894,3.7540866033
14896,4.0415631038
14899,3.0053799581
14900,3.0213335027
14901,1.8795146697
14906,3.5698417745
14907,1.3095255894
14915,4.9835488758
14919,2.4550945565
14926,5.7137297828
14927,2.4182560362
14933,2.9114772847
14937,2.985290281
14939,3.0368975682
14940,1.7001878694
14943,1.4407754324
14953,3.6186945211
14954,2.533527714
14969,3.6138356279
14999,7.4982028278
15008,3.7096890506
15009,3.6498766231
15018,4.5833898833
15023,3.7595488762
15025,1.3491386067
15034,3.7917741936
15036,4.2885833146
15051,1.6071488746
15052,3.039270604
15064,3.4610280168
15070,3.564787152
15074,4.3818577498
15077,4.5076195196
15081,3.743781024
15086,5.5527577629
15093,0.7266200241
15094,0.579587374
15103,2.4209135758
15104,1.2800806589
15110,1.4821925482
15112,2.164551387
15115,5.6893920914
15131,1.363991944
15139,2.6517254267
15141,3.5809718192
15148,0.9904262853
15154,5.6953979716
15156,3.1351414427
15161,1.4452588209
15167,2.933587143
15178,4.0995118977
15205,4.2607577518
15207,1.3222550434
15222,3.5782790949
15223,4.2133616085
15225,3.9089032679
15228,4.3830561251
15239,2.6401896931
15241,1.39662971
15246,1.1945941424
15247,1.6902271175
15249,3.0453219421
15255,3.3820132683
15257,1.5550512967
15267,1.6969939074
15277,2.90326101
15280,4.8363314423
15289,4.4435247742
15297,1.4831292913
15302,1.0993002143
15304,1.0485190014
15312,1.2178039246
15321,0.2666896807
15325,0.8851408998
15326,4.4649621465
15333,4.7636263652
15337,1.0122068475
15338,4.0083688878
15340,5.402681896
15342,2.1768627647
15344,2.9513543485
15347,0.9490257271
15349,5.0939326029
15355,2.7844426215
15359,1.2860283395
15366,0.9566862761
15367,0.3333889106
15368,1.5032554744
15369,4.5477105276
15380,3.6024172714
15381,3.0344416254
15387,0.1718960476
15388,3.0189882237
15389,0.2044521709
15392,1.6652139784
15400,2.8878076021
15405,3.2091262882
15407,3.6164749002
15408,7.085453317
15411,3.0268198319
15413,4.0713292759
15418,4.5486785249
15419,5.2417711993
15421,2.9437362142
15425,2.9295809795
15436,3.6406405865
15438,4.0047353558
15440,3.8559774351
15443,3.6648746868
15460,2.3453705661
15464,1.4955461361
15465,3.0005056935
15473,1.1309910377
15475,2.4399267993
15483,1.3999456296
15494,4.5154873452
15495,7.2863941901
15498,3.1828718953
15499,2.8440905301
15500,0.6796984584
15501,0.8823248571
15510,2.2084531765
15512,2.5054509736
15516,2.5698435564
15518,5.3443691483
15519,3.6324557841
15524,2.9571796678
15527,1.0494133047
15529,1.4689426575
15530,1.5618369175
15538,0.8303569484
15539,2.7811119683
15541,0.6950392262
15546,1.6996477707
15547,2.8691549855
15548,1.5438061452
15552,2.0459686869
15556,5.0456918605
15567,2.9253817829
15572,2.4947417199
15573,4.7094825179
15574,3.5981116205
15577,0.9763499994
15579,3.5892664898
15581,2.5178554614
15589,1.9468098446
15596,1.9293487954
15598,4.9554159796
15599,4.0497946674
15605,6.7220730295
15606,4.1608514754
15608,3.7957116539
15616,4.544317902
15618,1.1656392418
15621,0.9115134244
15626,0.6599211762
15638,2.526431446
15639,2.1470636379
15642,2.2371319889
15644,3.085776693
15646,5.5116718483
15649,4.2833763479
15656,1.6436752249
15659,0.7393496952
15680,1.2379179874
15686,4.3177017781
15693,1.360806334
15697,4.9321849677
15699,4.8065791403
15701,4.6826190645
15705,1.4587338199
15714,2.6008564297
15722,4.1976158516
15728,3.6245336061
15734,3.1899367517
15752,1.9611134774
15756,3.7096443826
15760,3.8071679342
15762,4.1630425697
15767,3.4235554382
15768,0.8333397459
15773,5.1415105599
15774,3.6096982857
15781,3.3721035371
15782,2.9757890751
15784,7.7976446661
15791,2.0813980402
15796,4.6791118911
15798,5.1831632529
15806,1.0851731737
15814,0.8648259058
15819,2.8424650516
15825,3.6046068561
15826,4.5593051057
15831,4.0121746117
15835,5.6744600505
15836,1.7223819503
15839,4.6571670086
15845,3.0460792763
15858,1.0340260222
15859,3.6285039378
15876,4.5354892753
15878,4.0591779688
15880,1.2359008885
15886,4.1647781357
15888,2.0243805132
15891,3.3235823944
15900,2.0928022138
15902,4.0188397704
15904,2.7454613485
15908,2.1986910112
15910,1.2777675565
15917,3.2585671955
15919,4.9507260724
15924,2.8196437937
15927,2.74030814
15937,1.7379630093
15946,3.0853838962
15949,2.9969765277
15957,4.729453628
15961,4.1613980601
15964,2.5668961368
15965,3.1780925336
15966,1.0664286179
15978,1.3438407183
15983,0.7755174585
15987,2.6422539992
15988,2.7037565239
15998,2.6487830333
16004,2.9256925272
16008,3.2480674725
16011,0.8866301875
16023,2.8961836646
16024,2.5006187329
16025,2.7402464236
16048,5.8025816371
16050,2.5720131907
16051,1.4357122752
16057,1.1200524086
16059,5.1915065706
16060,3.5269927339
16075,4.245932573
16094,6.5824856958
16096,4.9467430433
16116,1.3053662497
16118,1.6358857625
16121,2.4961161011
16122,3.601922066
16124,5.8551377226
16125,3.6205342508
16126,3.1047980873
16130,4.0895580495
